recipe_slug	score_bound
falafel	2.2448280776784917
spamburger	2.6327194531906137
bacon-fried-rice	2.8515490495417066
chicken-fingers	2.3110120196646964
apple-crisp	1.822797608074342
cranberry-apple-crisp	1.816288778195981
bacon-chocolate-chip-cookies	2.14225282274985
sujebi	2.556950212858154
pasta-primavera	1.9604754028838922
ramen	2.872934159954041
brownies	1.7944068465097935
bacon-wrapped-scallops	2.736591452320953
bacon-egg-muffins	2.505429668691054
breakfast-burritos	2.7877472048143943
bolognese-sauce	2.446163272650205
croissants	2.0594071634374593
bacon-souffle	2.274861809447584
souffle	2.2439804678273916
chocolate-souffle	1.5767178749184798
butter-croissants	1.7597897805619145
pickled-green-beans	2.2976927302031127
fried-oysters	2.5053575867353945
peanut-butter-brownies	1.655017166958583
almond-chip-cookies	1.7396196165275946
guacamole	2.5849609660174626
brioche-bread	2.085696535431232
brioche-bread-with-chocolate	1.6605431782070832
asparagus-quiche	2.099040853914464
asparagus-burger	2.10507664943723
ma-la-chicken	2.8767030279154024
cold-noodles-with-tomatoes	2.3666292927406323
tamales	2.625398580805344
enchiladas	2.7508760265438434
tacos	2.8322799750965344
burritos	2.487642072246876
peanut-butter-cupcakes	1.7782445223295196
pickled-asparagus	2.064649090383172
chocolate-peanut-butter-cake	1.6848236812550408
udon	2.2818558705506087
vegetable-lasagna	1.7614737217366474
maple-bacon-donuts	2.046975034359663
maple-bacon-pancakes	2.2697722359103865
spinach-and-ricotta-stuffed-shells	1.8569911146030964
quesadillas	2.864985688165312
pico-de-gallo	2.4354392892792682
nachos	2.7837429955871897
cold-soba-noodles-with-tomato-and-cucumber	2.088578891361896
fajitas	2.825031206943339
loaded-nachos	2.6919372806582818
lasagna	2.3582620860101353
chicken-nuggets	2.3523798740154076
pain-au-chocolat	1.9174204265201602
nacho-dip	2.5291929733095873
nacho-salad	2.6225690973865583
nacho-casserole	2.476677908279616
nacho-fries	2.8383660236817856
tempura-udon	2.2970082332771513
peach-crisp	1.6998475783464329
apple-pie	1.8495292830521013
blueberry-crisp	1.5930053788596692
berry-crumble	1.4910183427621075
strawberry-rhubarb-crisp	1.855397682243378
peach-cobbler	1.7632567210235988
cranberry-sauce	2.0453060114551134
cherry-cobbler	1.676091710045362
apple-crumble	1.8783807474649832
chocolate-croissants	1.6509861938926453
french-toast	1.9910428635669397
chocolate-babka	1.8521317629102858
cinnamon-babka	1.6648157112562392
blueberry-crumble	1.5877560548877159
spam-musubi	2.5708107821499127
taco-salad	2.593745311093871
chiles-rellenos	2.691174986327259
almond-croissants	1.7396759209865003
cranberry-relish	2.045306011455114
ma-la-beef	2.7488815705735172
chocolate-cake	1.6887016224283542
spinach-quiche	1.981761156577352
mushroom-quiche	2.105673066805966
quiche-lorraine	2.5175970109876538
croissant-aux-amandes	1.8919579015514654
danishes	2.0233809591527527
spinach-and-feta-quiche	2.0106127065625228
cold-sesame-noodles	2.260052383515459
soba-noodle-salad-with-peanut-dressing	2.239550927334522
dan-dan-noodles	2.858998801313593
vanilla-souffle	1.8249320723762765
bacon-wrapped-dates	2.523283406905426
cherry-pie	1.7420160502214035
berry-crisp	1.6747184345272377
bacon-and-egg-breakfast-sandwich	2.7284104444724853
bacon-wrapped-shrimp-skewers	2.792059426038061
bacon-wrapped-chicken	2.806526706956406
bacon-wrapped-asparagus	2.531314523027927
bacon-mac-and-cheese	2.8008017751250036
chicken-alfredo-lasagna	2.4565287076531934
classic-beef-lasagna	2.4181681317037746
vegetarian-mushroom-lasagna	1.8905049174704858
spinach-and-ricotta-lasagna	1.9634224880138698
