recipe_slug	score_estimate
falafel	0.4785727037309741
spamburger	0.7383834485871821
bacon-fried-rice	0.9853921609952477
chicken-fingers	0.5168963508530523
apple-crisp	0.04645587071301952
cranberry-apple-crisp	-0.009836058816337118
bacon-chocolate-chip-cookies	0.45409736253180716
sujebi	0.7320555038165355
pasta-primavera	0.27543998953487653
ramen	0.9619393171617001
brownies	0.02056244371504551
bacon-wrapped-scallops	0.960712854328462
bacon-egg-muffins	0.7262435310536834
breakfast-burritos	0.9769760223213525
bolognese-sauce	0.6885147594425796
croissants	0.23802159853956306
bacon-souffle	0.7391688955321843
souffle	0.4907109861490716
chocolate-souffle	0.03050157044640687
butter-croissants	0.23802475813286433
pickled-green-beans	0.4931845287789363
fried-oysters	0.7283817483737823
peanut-butter-brownies	0.01625019759791497
almond-chip-cookies	0.0161612371374521
guacamole	0.7292717151085625
brioche-bread	0.2489575306502581
brioche-bread-with-chocolate	-0.025320013403355948
asparagus-quiche	0.2880084139326375
asparagus-burger	0.24107442201093282
ma-la-chicken	0.9990026829161747
cold-noodles-with-tomatoes	0.4865648250405592
tamales	0.7527701067991375
enchiladas	0.9518005791837233
tacos	0.9868257101044445
burritos	0.7113274578766371
peanut-butter-cupcakes	-0.001667964948081413
pickled-asparagus	0.3125936009247322
chocolate-peanut-butter-cake	0.0027980182134397166
udon	0.5121149553759233
vegetable-lasagna	0.29460160152538667
maple-bacon-donuts	0.2898389398965168
maple-bacon-pancakes	0.5238263470744378
spinach-and-ricotta-stuffed-shells	0.30197390952853215
quesadillas	0.9964199908658427
pico-de-gallo	0.6811692405915163
nachos	0.9890206130029288
cold-soba-noodles-with-tomato-and-cucumber	0.30140051280339303
fajitas	0.9770463063427892
loaded-nachos	0.9008252028741712
lasagna	0.6996402478703916
chicken-nuggets	0.5044410445584574
pain-au-chocolat	0.02873072670726913
nacho-dip	0.7860348645222462
nacho-salad	0.7989496222925063
nacho-casserole	0.7269000587333136
nacho-fries	0.9854914886958945
tempura-udon	0.5031339462979169
peach-crisp	0.013063333354855239
apple-pie	-0.0007231815535622688
blueberry-crisp	0.003976907776614223
berry-crumble	0.0009676233580538686
strawberry-rhubarb-crisp	-0.004514221005638926
peach-cobbler	0.048962000489451325
cranberry-sauce	0.25528636371139
cherry-cobbler	0.026271227444022747
apple-crumble	0.00870853014661403
chocolate-croissants	0.009343965139791716
french-toast	0.26711070491032896
chocolate-babka	0.0024953449566652267
cinnamon-babka	0.038166207236750946
blueberry-crumble	0.00602421349392088
spam-musubi	0.7070665509477849
taco-salad	0.7480489822568441
chiles-rellenos	0.915927803493312
almond-croissants	0.03382035167004445
cranberry-relish	0.25528636371139013
ma-la-beef	0.9308407610756981
chocolate-cake	0.011488143645076443
spinach-quiche	0.273670193995358
mushroom-quiche	0.2545790281089796
quiche-lorraine	0.7160488991749121
croissant-aux-amandes	0.048265742857503964
danishes	0.22189915525057585
spinach-and-feta-quiche	0.2422171875153088
cold-sesame-noodles	0.4667106231210641
soba-noodle-salad-with-peanut-dressing	0.4496592628989557
dan-dan-noodles	0.9832676051396357
vanilla-souffle	0.021736167714643338
bacon-wrapped-dates	0.7901541288081805
cherry-pie	0.008710248017029552
berry-crisp	-0.001875827278166646
bacon-and-egg-breakfast-sandwich	0.9510089847726965
bacon-wrapped-shrimp-skewers	0.9667707008310692
bacon-wrapped-chicken	0.9670497406802976
bacon-wrapped-asparagus	0.7190655131950846
bacon-mac-and-cheese	0.9792472116371679
chicken-alfredo-lasagna	0.6884557338679496
classic-beef-lasagna	0.707675037935924
vegetarian-mushroom-lasagna	0.3003843372984312
spinach-and-ricotta-lasagna	0.2597600451848411
