recipe_tag	coefficient
bias	0.42954381838655625
alfredo	0.061544266132050725
almond	-0.09824733166500077
american	-0.008710248017029572
appetizer	0.037831785951734476
appetizers	0.084463915128752
apple	-0.04460516048973416
asiancuisine	-0.0010597757023490181
asparagus	-0.06074195006338712
avocado	-0.017344741668846253
bacon	0.2543987071669024
baked	0.067432756261215
bakeddishes	-0.051973909528532376
bakery	0.01197840146043706
baking	-0.07417397150686753
beans	0.010979386997071135
beef	0.03338390652735119
bellpeppers	0.0035800091341575083
berries	0.0018758272781667384
blackbeans	0.0035800091341575083
blackvinegar	0.0167323948603638
blueberry	-0.010001121270535068
boiledeggs	0.038060682838300185
bokchoy	0.038060682838300185
braided	-0.0024953449566653594
bread	-0.01180372448365282
breaded	-0.004441044558457288
breakfast	0.0037810223775700466
breakfastpastry	-0.028730726707269102
brioche	0.025320013403355962
broiling	0.03322929916893118
brownies	-0.016250197597915034
brownsugar	0.001127528669723151
brunch	-0.05257921973676027
burger	0.008925577989067181
burritos	0.023023977678647604
buttery	-0.05372451670810965
cake	-0.014286161858515983
carrots	0.038060682838300185
casserole	0.023099941266686408
celebration	-0.002770106799137163
cheese	0.11631239115975718
cheesy	0.090524382880352
cherry	-0.034981475461052486
chicken	0.08142142831136462
chickpeas	0.008925577989067181
chilioil	0.0177297119441892
chilipowder	0.0035800091341575083
chinese	0.0332893768789359
chinesecookingwine	0.0009973170838254016
chinesecuisine	0.08589163378466558
chocolate	-0.05094775955006065
chocolatechip	-0.016161237137452076
chocolatecroissant	-0.028730726707269102
christmas	-0.010572727422779985
cilantro	0.021725601975262965
cinnamon	-0.03631549701346533
citrus	-0.005286363711389985
classic	-0.0376731486253747
cloves	0.0007231815535623655
cobbler	-0.07523322793347428
cocoapowder	-0.0114881436450763
coffee	-0.04826574285750409
cold	0.0332893768789359
coldnoodles	-0.03796533784395234
comfortfood	0.060180185640651966
condiment	-0.004335568939028398
cookies	0.029741400330740967
corn	-0.002770106799137163
cranberry	-0.0007366686064428068
creamcheese	0.028100844749424304
creamy	0.016173760253851976
crisp	-0.04727000474434614
crispy	0.011612863908193074
croissant	-0.04826574285750409
croissants	0.002634436320645351
crumble	-0.06028041043344156
crust	0.0007231815535623655
cucumber	-0.03796533784395234
cumin	0.0035800091341575083
cupcakes	0.0016679649480813952
custard	-0.02579348082219278
custardy	-0.0045790281089799064
customizable	0.038672542123363005
danish	0.028100844749424304
dashibroth	-0.0031339462979169605
dates	-0.0401541288081803
decadent	-0.023057788671710863
dessert	-0.2545414412705248
dinner	0.01002881089577265
dip	-0.015306579630808503
donuts	-0.03983893989651633
easterneuropean	-0.0024953449566653594
easy	0.0008589958329166397
easydinner	0.04819942081627665
egg	0.04899101522730355
eggs	0.0198297960204651
eggwhites	-0.02173616771464347
fajitaseasoning	0.02295369365721093
fall	-0.0366198118966825
familyfriendly	0.07129936208296306
fastfood	-0.004441044558457288
fetacheese	0.007782812484690994
filling	0.05328038112811556
fingerfood	-0.016896350853052314
flaky	-0.050572676916876655
french	-0.05188277330760206
frenchcuisine	0.012738544229609865
frenchpastry	-0.06501806810433614
fresh	0.04010003270121469
fried	-0.009720843998691577
friedfood	0.10569044813290512
friedrice	0.014607839004752555
fries	0.014508511304105558
frosting	-0.012618196910434587
fruit	-0.024522660411266408
fudgy	-0.020562443715045505
gamedayfood	0.11368330842993438
ganache	-0.002798018213439681
garlic	0.014432492043266222
ginger	0.0009973170838254016
glutenfree	0.06916026853003607
goldenbrown	0.0010424693497420618
greenbeans	0.006815471221063685
greenonion	0.01343517495944082
greenonions	0.06108466051694779
grill	0.008925577989067181
grilled	0.050903697084356214
grilling	0.03322929916893118
groundbeef	0.05878449111133602
gruyere	0.009289013850928457
gruyerecheese	0.029372072716108463
guacamole	0.03751308978843957
hamandcheese	0.028100844749424304
hamburger	0.011616551412818024
handheld	0.038672542123363005
handtorndough	0.017944496183464692
hawaii	0.011616551412818024
hawaiian	0.04293344905221477
healthy	-0.059346217531677875
herbs	-0.005058154612935004
holiday	-0.013342834221917146
homemade	-0.01306333335485511
indulgent	0.0016679649480813952
italian	-0.027989928320965043
italiancuisine	0.061544266132050725
jalapenos	0.014508511304105558
japanesecuisine	0.022811781164459557
juicy	0.03295025931970268
ketchup	0.011616551412818024
keto	0.030934486804915593
kidfriendly	-0.016896350853052314
koreancuisine	0.017944496183464692
laminateddough	0.01197840146043706
lasagna	0.0013998836487780723
lattice	0.0007231815535623655
lettuce	0.03566743704059584
lime	0.020728284891437562
loadednachos	0.09917479712582881
lowcarb	0.030934486804915593
lunch	0.01002881089577265
macandcheese	0.020752788362831884
maple	-0.03983893989651633
maplesyrup	-0.023826347074438044
masa	-0.002770106799137163
mayonnaise	0.011616551412818024
meal	-0.004441044558457288
mealprep	0.02375646894631668
meat	0.06133913912667898
meatsauce	0.061485240557420336
mexican	0.1502991782823226
mexicancuisine	0.09623675280071824
mexicanfood	0.09917479712582881
middleeastern	0.021427296269025717
miso	0.038060682838300185
muffins	0.02375646894631668
mushroom	-0.054963365407411376
mushrooms	0.038060682838300185
nachos	0.051798762881868604
noodles	0.037906816363376034
noodlesoup	0.038060682838300185
nori	0.04293344905221477
numbing	0.07015655600812719
nutmeg	0.0018507102232855166
oat	0.014350279821976149
oats	-0.008708530146614027
onion	0.03390257478699308
onions	0.026533702791368435
onthego	0.04293344905221477
oven	-0.028730726707269102
oysters	0.021618251626217475
pacificislands	0.011616551412818024
pancakes	-0.023826347074438044
parmesan	0.009289013850928457
partyfood	0.02298580379540245
pasta	-0.0071781143835027705
pastasauce	0.061485240557420336
pastry	-0.016664118080032167
pastrycrust	0.03395110082508837
peach	-0.062025333844306474
peanutbutter	-0.01738025086327332
peanutdressing	0.05034073710104414
peanuts	0.0167323948603638
peppers	0.02295369365721093
pickledvegetables	-0.05577812970366852
pie	-0.007987066463467207
piecrust	0.007782812484690994
pork	0.0167323948603638
porkbelly	0.038060682838300185
potatoes	0.023023977678647604
protein	0.02375646894631668
puffpastry	-0.028730726707269102
quiche	-0.05847482355228478
quick	-0.031623244676908656
ramen	0.038060682838300185
refreshing	0.004514221005638971
relish	-0.005286363711389985
rhubarb	0.004514221005638971
rice	0.04293344905221477
ricevinegar	0.01343517495944082
rich	-0.023057788671710863
ricotta	-0.009760045184841184
salad	0.003342132551693147
salsa	0.11869905003649683
salty	0.020752788362831884
sandwich	0.04899101522730355
sauce	-0.0052863637113899995
savory	0.030636334032029873
scallions	0.0177297119441892
scallops	0.03928714567153819
seafood	0.11207919265015154
sesame	0.0332893768789359
sesameoil	0.01343517495944082
sesameseeds	0.01343517495944082
shrimp	0.03322929916893118
sichuancuisine	0.08688895086849098
sichuanpeppercorns	0.0177297119441892
sidedish	-0.0422318415425966
sidedishes	0.006815471221063685
skewers	0.03322929916893118
smoky	0.06831088668728712
snack	0.008305486835122132
snacks	0.021323982525169243
sobanoodles	-0.0010597757023490181
soft	0.0010424693497420618
souffle	-0.0321176198423063
soup	0.005829540807541025
sourcream	0.018197286438749655
southern	-0.04896200048945137
southerncuisine	0.021618251626217475
soysauce	0.08383340874668277
spam	0.0545500004650328
spices	-0.005058154612935004
spicy	0.15581665657620516
spicyfood	0.08407219650668765
spinach	-0.025647426695508378
spring	-0.025439989534876657
steamed	-0.002770106799137163
stirfry	0.06915923892430179
strawberry	0.004514221005638971
streetfood	0.034601586164581234
stuffedpeppers	0.08407219650668765
summer	-0.015916707239318748
sushi	0.04293344905221477
sweet	-0.07583385267970028
sweetandsalty	0.04590263746819304
sweetandsavory	-0.06366528697095437
sweettreat	-0.07699646956477318
taco	0.0019510177431551203
tacos	0.013174289895555516
tangy	-0.006058506417141014
tart	-0.0052863637113899995
tea	-0.04826574285750409
tempura	-0.0031339462979169605
tender	-0.0033985752087152266
texmex	0.02295369365721093
thanksgiving	-0.010572727422779985
toast	0.04899101522730355
tomato	0.003044191385485121
tomatoes	-0.019054918285804613
tomatosauce	0.10381020262149568
tortilla	0.0035800091341575083
tortillabowl	0.0019510177431551203
tortillachips	-0.048949622292506115
tortillas	0.04597767133585853
traditional	-0.002770106799137163
twisted	-0.0024953449566653594
udonnoodles	-0.0031339462979169605
vanilla	-0.02173616771464347
vanillaicecream	-0.008708530146614027
vegan	0.04747087238963024
vegetables	0.007112345653340591
vegetarian	-0.10060814226567587
warm	-0.028730726707269102
whippedcream	-0.008708530146614027
winter	-0.0366198118966825
yeastdough	-0.0024953449566653594
