recipe_slug	score_bound	reward
apple-crumble	7.483314773547883	0.0
ma-la-chicken	7.192588778272628	1.0
quesadillas	7.25636000759241	1.0
ramen	7.230946543777107	1.0
bacon-fried-rice	7.044614831130683	1.0
spamburger	7.060593016748839	0.75
chocolate-babka	7.007202488583515	0.0
nacho-fries	6.947065807720418	1.0
pain-au-chocolat	6.9325684248886805	0.0
guacamole	6.689299956206639	0.75
cranberry-sauce	6.6970487907907685	0.25
asparagus-quiche	6.653147450472229	0.25
cold-noodles-with-tomatoes	6.408912679498462	0.5
dan-dan-noodles	6.375570360857929	1.0
bacon-wrapped-asparagus	6.3248938070559255	0.75
taco-salad	6.325515872388037	0.75
bacon-wrapped-chicken	6.2513657709672845	1.0
tamales	6.26548564897573	0.75
asparagus-burger	6.2275706032197675	0.25
strawberry-rhubarb-crisp	6.198118505874196	0.0
apple-pie	6.073966833625471	0.0
chicken-nuggets	6.0039151449949975	0.5
mushroom-quiche	5.993932119444089	0.25
fajitas	5.964801383224785	1.0
bacon-mac-and-cheese	5.9348555576476745	1.0
tacos	5.93123329872103	1.0
brioche-bread	5.893771733283622	0.25
apple-crisp	5.761301433196421	0.0
nacho-salad	5.737921787891317	0.75
breakfast-burritos	5.723834177112051	1.0
bacon-wrapped-shrimp-skewers	5.68401747551416	1.0
spam-musubi	5.67690329398927	0.75
nachos	5.606933652117443	1.0
sujebi	5.542586788358178	0.75
croissant-aux-amandes	5.493989976553068	0.0
souffle	5.386871675162955	0.5
quiche-lorraine	5.305807879377674	0.75
croissants	5.226165858561247	0.25
enchiladas	5.208929245120617	1.0
chocolate-peanut-butter-cake	5.188846583628187	0.0
spinach-and-ricotta-lasagna	5.141381839952533	0.25
loaded-nachos	5.0714061594856075	1.0
bacon-wrapped-scallops	5.073283409787496	1.0
cold-soba-noodles-with-tomato-and-cucumber	5.025288776209952	0.25
ma-la-beef	5.008683713341293	1.0
bacon-egg-muffins	4.996858585946754	0.75
danishes	4.931601981659767	0.25
vanilla-souffle	4.88091798159456	0.0
pickled-green-beans	4.864703977489078	0.5
bacon-and-egg-breakfast-sandwich	4.862858315998475	1.0
chicken-fingers	4.796094938293097	0.5
chiles-rellenos	4.7738936615228	1.0
bacon-wrapped-dates	4.769848540909905	0.75
cranberry-apple-crisp	4.7653875618024655	0.0
udon	4.761138678934646	0.5
cherry-pie	4.749568415708082	0.0
burritos	4.726237582932057	0.75
bolognese-sauce	4.713145781212238	0.75
tempura-udon	4.701058249265664	0.5
maple-bacon-pancakes	4.66082659042425	0.5
fried-oysters	4.583055887163437	0.75
chicken-alfredo-lasagna	4.580720757362083	0.75
spinach-and-feta-quiche	4.534757127887541	0.25
brownies	4.529439552171199	0.0
cold-sesame-noodles	4.47975929652368	0.5
nacho-dip	4.478122522922583	0.75
falafel	4.4577960966520696	0.5
nacho-casserole	4.379794513615883	0.75
cranberry-relish	4.359506202180712	0.25
soba-noodle-salad-with-peanut-dressing	4.349698372300307	0.5
classic-beef-lasagna	4.315455611211947	0.75
peanut-butter-cupcakes	4.298204437726488	0.0
peach-crisp	4.279383905298938	0.0
pico-de-gallo	4.272122068652864	0.75
maple-bacon-donuts	4.274696534820739	0.25
pickled-asparagus	4.17507381796001	0.25
spinach-quiche	4.113671402013718	0.25
brioche-bread-with-chocolate	4.0956664477967495	0.0
peach-cobbler	4.062113008911867	0.0
almond-croissants	4.026329220457243	0.0
lasagna	3.996947314886797	0.75
bacon-chocolate-chip-cookies	3.949680242191772	0.5
pasta-primavera	3.846379864856245	0.25
french-toast	3.82097853891961	0.25
almond-chip-cookies	3.657167182423488	0.0
berry-crisp	3.506116030287124	0.0
vegetarian-mushroom-lasagna	3.298279225858982	0.25
blueberry-crumble	3.2766116700387133	0.0
chocolate-croissants	3.239651055000665	0.0
chocolate-cake	3.1769369281272817	0.0
bacon-souffle	3.171554551643702	0.75
spinach-and-ricotta-stuffed-shells	3.0748184729234005	0.25
cherry-cobbler	3.0570669645255766	0.0
peanut-butter-brownies	2.9995539656193677	0.0
cinnamon-babka	2.927511699672091	0.0
ma-la-chicken	2.8765656234623678	1.0
ramen	2.873695936780324	1.0
quesadillas	2.864760096458627	1.0
dan-dan-noodles	2.857605201044933	1.0
bacon-fried-rice	2.8512125386365974	1.0
